--
--  `FUVAR` tábla
--

DROP TABLE IF EXISTS `FUVAR`;
CREATE TABLE `FUVAR` (
  `indul` timestamp NOT NULL DEFAULT '0000-00-00 00:00:00',
  `rendszam` char(6) NOT NULL,
  `utaskod` char(8) default NULL,
  `km` double(4,2) NOT NULL,
  `tarifakod` int(1) NOT NULL,
  PRIMARY KEY  (`rendszam`,`indul`)
) ENGINE=InnoDB DEFAULT CHARSET=utf8 COLLATE=utf8_hungarian_ci;

--
-- `SOFOR` tábla
--

DROP TABLE IF EXISTS `SOFOR`;
CREATE TABLE `SOFOR` (
  `rendszam` char(6) NOT NULL,
  `nev` varchar(40) NOT NULL,
  `szuldatum` date NOT NULL,
  PRIMARY KEY (`rendszam`)
) ENGINE=InnoDB DEFAULT CHARSET=utf8 COLLATE=utf8_hungarian_ci;

--
-- `SOFOR` rekordok
--

INSERT INTO `SOFOR` VALUES 
('ABC123','Kovács János','1948-02-15'),
('EFG123','Kiss Tibor','1972-08-07'),
('KLM123','Horvath Ilona','1968-05-05'),
('MNO123','Boros Péter','1945-11-27'),
('OPQ123','Magyaros Károly','1966-01-23'),
('PQR123','Nagy Judit','1959-06-11'),
('LMN123','Nagy Bálint','1954-03-19'),
('POR123','Hargitai Endre','1981-07-05');

--
--  `UTAS` tábla
--

DROP TABLE IF EXISTS `UTAS`;
CREATE TABLE `utas` (
  `utaskod` char(8) NOT NULL,
  `nev` varchar(40) NOT NULL,
  `lakcim` varchar(70) NOT NULL,
  `telefon` varchar(10) NOT NULL,
  PRIMARY KEY (`utaskod`)
) ENGINE=InnoDB DEFAULT CHARSET=utf8 COLLATE=utf8_hungarian_ci;

--
-- `UTAS` rekordok
--

INSERT INTO `UTAS` VALUES 
('01234567','Kósa Imre','Szeged, Fürj u. 2','0755433555'),
('01234560','Makói Borbála','Szeged, Retek u. 8','0755112335'),
('01234561','Tóth Imre','Szeged, Mars tér 2','0755453338'),
('01234562','Horváth Tamas','Szeged, Rét u. 13','0755226376'),
('01234563','Kocsis Irma','Szeged, Tabor u. 3','0755333114'),
('01234564','Zalai Egon','Szeged, Pacsirta u. 16','0755333402'),
('01234565','John Smith','Szeged, Berlini krt. 31','30434456'),
('01234566','Pethő Aladár','Szeged, Londoni krt. 21','30131231'),
('01234568','D. Szabó Orsolya', 'Makó, Csillag u. 4', '70112933'),
('24681111','Fekete Norbert','Makó, Gyöngy u. 10','303031122'),
('24683333','Balogh Tamara','Mórahalom, Honvéd  u. 18','201203099'),
('24691335','Szakács Péter','Szeged, József Attila sgt. 44','209871341'),
('34561230','Sándor Szilárd','Szeged, Rigó u. 20','308878372'),
('34567802','Magyar Virág','Algyő, Bányász  u. 20','209988776');


--
-- `TARIFA` tábla
--

DROP TABLE IF EXISTS `TARIFA`;
CREATE TABLE `TARIFA` (
  `tarifakod` int(1) NOT NULL auto_increment,
  `megnevezes` varchar(20) NOT NULL,
  `dij` int(4) NOT NULL,
  PRIMARY KEY  (`tarifakod`)
) ENGINE=InnoDB DEFAULT CHARSET=utf8 COLLATE=utf8_hungarian_ci;

--
-- `TARIFA` rekordok
--

INSERT INTO `TARIFA` VALUES 
(1,'normál',500),
(2,'törzsutas',400),
(3,'szerződéses',350),
(4,'vidéki',550),
(5,'reptér',300);

--
-- Megkötések a `FUVAR` táblához
--
ALTER TABLE `FUVAR`
ADD CONSTRAINT `FUVAR_ibfk_1` FOREIGN KEY (`tarifakod`) REFERENCES `TARIFA` (`tarifakod`) ON DELETE NO ACTION ON UPDATE CASCADE,
ADD CONSTRAINT `FUVAR_ibfk_2` FOREIGN KEY (`rendszam`) REFERENCES `SOFOR` (`rendszam`) ON DELETE NO ACTION ON UPDATE CASCADE,
ADD CONSTRAINT `FUVAR_ibfk_3` FOREIGN KEY (`utaskod`) REFERENCES `UTAS` (`utaskod`) ON DELETE NO ACTION ON UPDATE CASCADE;

--
--  `FUVAR` rekordok
--

INSERT INTO `FUVAR` VALUES 
('2012-03-07 10:05:00','ABC123','01234562',3.00,2),
('2012-03-07 12:11:02','ABC123','01234560',2.50,2),
('2012-03-07 10:35:20','ABC123','01234564',3.10,2),
('2012-03-07 11:12:47','ABC123','24691335',2.20,1),
('2012-03-07 14:51:43','ABC123','01234560',11.70,4),
('2012-03-07 17:12:33','LMN123','01234562',4.00,2),
('2012-03-07 18:55:42','LMN123','01234564',23.00,4),
('2012-03-07 11:12:47','LMN123','01234560',1.80,3),
('2012-03-08 08:22:27','ABC123','01234568',1.40,3),
('2012-03-08 09:32:13','POR123','01234560',31.22,3),
('2012-03-09 14:22:21','EFG123','01234560',1.80,3),
('2012-03-10 15:40:18','PQR123','01234562',1.80,3),
('2012-03-10 20:21:11','LMN123','01234560',1.92,3),
('2012-03-11 00:04:32','OPQ123','01234560',2.70,3),
('2012-03-12 20:22:22','MNO123','01234565',1.80,3),
('2012-03-12 20:23:34','EFG123','01234560',1.80,3),
('2012-03-13 09:19:00','ABC123','01234560',1.90,3),
('2012-03-14 12:33:35','LMN123','01234560',1.90,3),
('2012-03-11 10:11:22','LMN123','01234563',2.90,1),
('2012-03-10 06:41:00','ABC123','01234564',10.22,5),
('2012-03-28 07:11:01','LMN123','01234563',20.35,5),
('2012-03-22 07:13:03','POR123','01234566',24.5,5),
('2012-03-23 08:55:10','POR123','01234560',14.4,5),
('2012-03-05 00:42:23','MNO123','01234564',6.90,4),
('2012-03-07 00:05:14','PQR123','01234567',2.90,1),
('2012-03-27 12:05:58','PQR123','01234562',2.30,2),
('2012-03-14 11:11:45','KLM123','01234565',2.90,2),
('2012-03-18 14:50:12','ABC123','01234564',7.90,4),
('2012-03-19 09:22:23','ABC123','01234560',45.90,4),
('2012-03-19 09:33:10','POR123','01234561',15.90,4),
('2012-03-22 07:33:10','PQR123','24691335',8.90,1),
('2012-03-23 07:32:14','EFG123','24691335',8.90,1),
('2012-03-23 10:01:14','KLM123','01234561',2.63,2),
('2012-03-23 10:42:34','KLM123','01234562',3.30,2),
('2012-03-22 17:04:34','ABC123','34561230',2.50,1),
('2012-03-22 19:33:10','ABC123','01234567',3.80,2),
('2012-03-12 12:17:01','EFG123','24691335',2.50,1),
('2012-01-12 13:12:37','EFG123','34561230',1.95,1),
('2012-03-20 08:13:31','KLM123','01234565',2.10,2),
('2012-03-22 07:44:00','ABC123','01234565',2.50,2),
('2012-03-15 11:14:03','EFG123','01234563',2.60,3),
('2013-01-02 00:33:20','KLM123','01234565',4.05,2),
('2012-03-22 13:30:17','MNO123','01234562',2.50,1),
('2012-03-22 18:01:22','KLM123','01234564',10.00,2),
('2012-03-09 21:14:09','ABC123','01234561',2.40,2),
('2012-12-03 22:01:11','EFG123','01234561',19.34,3),
('2012-03-09 23:39:04','POR123','01234564',2.80,1),
('2012-04-22 22:09:10','LMN123','01234562',22.10,4),
('2012-03-22 23:44:30','POR123','01234563',1.90,2),
('2012-12-03 10:29:00','MNO123','01234561',2.10,5),
('2012-03-12 20:19:02','MNO123','34567802',57.82,4),
('2012-03-23 21:28:38','OPQ123','01234563',2.50,1),
('2012-03-18 21:22:21','MNO123','01234567',23.20,3),
('2012-05-12 07:11:00','LMN123','01234562',6.41,2),
('2012-12-03 08:33:33','ABC123','01234564',50.32,2),
('2012-03-29 00:39:30','OPQ123','01234567',4.20,1),
('2012-12-03 10:06:18','ABC123','01234567',9.49,1),
('2012-01-01 12:44:43','OPQ123','01234568',12.10,5),
('2012-07-02 19:19:30','MNO123','01234568',20.40,5),
('2012-12-03 13:33:11','OPQ123','24691335',2.10,1),
('2012-01-02 18:40:33','MNO123','24691335',12.90,1),
('2012-08-03 23:30:02','EFG123','01234561',7.20,1),
('2012-03-24 15:01:22','PQR123','01234564',2.50,1),
('2012-12-03 00:11:23','PQR123','01234566',7.10,4),
('2012-10-02 07:20:01','MNO123','01234566',1.90,3),
('2012-11-14 07:34:34','EFG123','01234565',9.22,4),
('2011-03-22 08:03:03','ABC123','01234566',2.50,1),
('2011-10-10 08:13:10','MNO123','01234567',3.45,3),
('2012-03-23 14:37:20','ABC123','01234563',2.50,1),
('2012-03-24 15:51:12','ABC123','01234567',3.45,1),
('2011-01-01 12:01:22','KLM123','01234566',0.01,2),
('2012-04-15 10:25:54','MNO123','24681111',23.20,4),
('2012-04-19 16:30:12','MNO123','24681111',23.20,1),
('2012-06-19 14:24:20','ABC123','01234560',5.20,2),
('2013-03-03 18:58:22','OPQ123','24681111',23.20,4),
('2013-03-04 11:11:01','OPQ123','24683333',25.10,4),
('2014-01-04 01:02:35','EFG123','24691335',2.10,3),
('2014-01-09 01:10:43','EFG123','24691335',2.10,3),
('2014-01-16 01:01:00','ABC123','24691335',2.10,3),
('2014-02-19 22:31:33','ABC123','34561230',3.30,1),
('2014-04-19 21:08:47','PQR123','34567802',16.60,4);